{
  "editorVersion": "6.4.25",
  "docType": "5",
  "title": "Sheet1.SchDoc",
  "description": "",
  "colors": {},
  "schematics": [
    {
      "docType": "1",
      "title": "Sheet1.SchDoc",
      "description": "",
      "dataStr": {
        "head": {
          "docType": "1",
          "editorVersion": "6.4.25",
          "importedFrom": "Altium",
          "uuid": "sheet_9559880928438413",
          "x": "45",
          "y": "visible",
          "portOfADImportHack": "",
          "importFlag": 0,
          "c_para": {},
          "transformList": "",
          "hasIdFlag": true,
          "newgId": true,
          "c_spiceCmd": null
        },
        "canvas": "CA~1000~1000~#FFFFFF~yes~#CCCCCC~5~1000~1000~line~5~pixel~5~0~0",
        "shape": [
          "LIB~460~-445~package`FPC10P-0.5MM`~~0~gge34892bf4c29d473e~~~0~~yes~yes~~~#@$T~N~410~-374.6164~0~#000080~Times New Roman~6.5pt~5~~text-after-edge~comment~SPI096M1-160x80- FPC封装~1~start~rep2~0~#@$T~P~410~-505~0~#000080~Times New Roman~6.5pt~5~~text-after-edge~comment~LCD?~1~start~rep3~0~#@$R~410~-505~~~100~120~#4C5870~1~0~#EBEDEC~rep4~0~#@$P~show~~1~540~-475~0~rep5~0^^540~-475^^M 540 -475 h -30~#204969^^1~502~-470.5~0~3.3V~end~Times New Roman~6.5pt~#204969^^1~515~-477~0~1~start~Times New Roman~6.5pt~#204969^^0~513~-475^^0~M 510 -478 L 507 -475 L 510 -472#@$P~show~~2~540~-465~0~rep6~0^^540~-465^^M 540 -465 h -30~#000000^^1~502~-460.5~0~3.3V~end~Times New Roman~6.5pt~#000000^^1~515~-467~0~2~start~Times New Roman~6.5pt~#000000^^0~513~-465^^0~M 510 -468 L 507 -465 L 510 -462#@$P~show~~3~540~-440~0~rep7~0^^540~-440^^M 540 -440 h -30~#000000^^1~502~-435.5~0~GND~end~Times New Roman~6.5pt~#000000^^1~515~-442~0~3~start~Times New Roman~6.5pt~#000000^^0~513~-440^^0~M 510 -443 L 507 -440 L 510 -437#@$P~show~~9~380~-475~180~rep8~0^^380~-475^^M 380 -475 h 30~#000000^^1~418~-470.5~0~SPI_SCL~start~Times New Roman~6.5pt~#000000^^1~405~-477~0~9~end~Times New Roman~6.5pt~#000000^^0~407~-475^^0~M 410 -472 L 413 -475 L 410 -478#@$P~show~~8~540~-430~0~rep9~0^^540~-430^^M 540 -430 h -30~#000000^^1~502~-425.5~0~GND~end~Times New Roman~6.5pt~#000000^^1~515~-432~0~8~start~Times New Roman~6.5pt~#000000^^0~513~-430^^0~M 510 -433 L 507 -430 L 510 -427#@$P~show~~4~380~-465~180~rep10~0^^380~-465^^M 380 -465 h 30~#000000^^1~418~-460.5~0~SPI_SDA~start~Times New Roman~6.5pt~#000000^^1~405~-467~0~4~end~Times New Roman~6.5pt~#000000^^0~407~-465^^0~M 410 -462 L 413 -465 L 410 -468#@$P~show~~5~380~-455~180~rep11~0^^380~-455^^M 380 -455 h 30~#000000^^1~418~-450.5~0~SPI_CS~start~Times New Roman~6.5pt~#000000^^1~405~-457~0~5~end~Times New Roman~6.5pt~#000000^^0~407~-455^^0~M 410 -452 L 413 -455 L 410 -458#@$P~show~~6~380~-430~180~rep12~0^^380~-430^^M 380 -430 h 30~#000000^^1~418~-425.5~0~LCD_DC~start~Times New Roman~6.5pt~#000000^^1~405~-432~0~6~end~Times New Roman~6.5pt~#000000^^0~407~-430^^0~M 410 -427 L 413 -430 L 410 -433#@$P~show~~7~380~-420~180~rep13~0^^380~-420^^M 380 -420 h 30~#000000^^1~418~-415.5~0~LCD_BL~start~Times New Roman~6.5pt~#000000^^1~405~-422~0~7~end~Times New Roman~6.5pt~#000000^^0~407~-420^^0~M 410 -417 L 413 -420 L 410 -423#@$P~show~~10~540~-420~0~rep14~0^^540~-420^^M 540 -420 h -30~#000000^^1~502~-415.5~0~GND~end~Times New Roman~6.5pt~#000000^^1~515~-422~0~10~start~Times New Roman~6.5pt~#000000^^0~513~-420^^0~M 510 -423 L 507 -420 L 510 -417",
          "LIB~680~-440~package`SPI096M1-160X80 - ____`~~0~gge51b6b7ecb7bf1bcd~~~0~~yes~yes~~~#@$T~N~630~-379.6164~0~#000080~Times New Roman~6.5pt~5~~text-after-edge~comment~SPI096M1-160x80- 直插封装~1~start~rep16~0~#@$T~P~630~-500~0~#000080~Times New Roman~6.5pt~5~~text-after-edge~comment~LCD?~1~start~rep17~0~#@$R~630~-500~~~100~110~#4C5870~1~0~#FFF2CC~rep18~0~#@$P~show~~1~760~-450~0~rep19~0^^760~-450^^M 760 -450 h -30~#000000^^1~722~-445.5~0~3.3V~end~Times New Roman~6.5pt~#000000^^1~735~-452~0~1~start~Times New Roman~6.5pt~#000000^^0~733~-450^^0~M 730 -453 L 727 -450 L 730 -447#@$P~show~~2~760~-440~0~rep20~0^^760~-440^^M 760 -440 h -30~#000000^^1~722~-435.5~0~GND~end~Times New Roman~6.5pt~#000000^^1~735~-442~0~2~start~Times New Roman~6.5pt~#000000^^0~733~-440^^0~M 730 -443 L 727 -440 L 730 -437#@$P~show~~3~600~-470~180~rep21~0^^600~-470^^M 600 -470 h 30~#000000^^1~638~-465.5~0~SPI_SCL~start~Times New Roman~6.5pt~#000000^^1~625~-472~0~3~end~Times New Roman~6.5pt~#000000^^0~627~-470^^0~M 630 -467 L 633 -470 L 630 -473#@$P~show~~4~760~-430~0~rep22~0^^760~-430^^M 760 -430 h -30~#000000^^1~722~-425.5~0~GND~end~Times New Roman~6.5pt~#000000^^1~735~-432~0~4~start~Times New Roman~6.5pt~#000000^^0~733~-430^^0~M 730 -433 L 727 -430 L 730 -427#@$P~show~~5~600~-460~180~rep23~0^^600~-460^^M 600 -460 h 30~#000000^^1~638~-455.5~0~SPI_SDA~start~Times New Roman~6.5pt~#000000^^1~625~-462~0~5~end~Times New Roman~6.5pt~#000000^^0~627~-460^^0~M 630 -457 L 633 -460 L 630 -463#@$P~show~~6~600~-430~180~rep24~0^^600~-430^^M 600 -430 h 30~#000000^^1~638~-425.5~0~LCD_DC~start~Times New Roman~6.5pt~#000000^^1~625~-432~0~6~end~Times New Roman~6.5pt~#000000^^0~627~-430^^0~M 630 -427 L 633 -430 L 630 -433#@$P~show~~7~600~-450~180~rep25~0^^600~-450^^M 600 -450 h 30~#000000^^1~638~-445.5~0~SPI_CS~start~Times New Roman~6.5pt~#000000^^1~625~-452~0~7~end~Times New Roman~6.5pt~#000000^^0~627~-450^^0~M 630 -447 L 633 -450 L 630 -453#@$P~show~~8~600~-420~180~rep26~0^^600~-420^^M 600 -420 h 30~#000000^^1~638~-415.5~0~LCD_BL~start~Times New Roman~6.5pt~#000000^^1~625~-422~0~8~end~Times New Roman~6.5pt~#000000^^0~627~-420^^0~M 630 -417 L 633 -420 L 630 -423"
        ],
        "BBox": {
          "x": 378.5,
          "y": -514.8,
          "width": 383,
          "height": 140
        },
        "colors": {}
      }
    }
  ]
}