{
  "editorVersion": "6.4.25",
  "docType": "5",
  "title": "Sheet1.SchDoc",
  "description": "",
  "colors": {},
  "schematics": [
    {
      "docType": "1",
      "title": "Sheet1.SchDoc",
      "description": "",
      "dataStr": {
        "head": {
          "docType": "1",
          "editorVersion": "6.4.25",
          "importedFrom": "Altium",
          "uuid": "sheet_38337489901714217",
          "x": "45",
          "y": "visible",
          "portOfADImportHack": "",
          "importFlag": 0,
          "c_para": {},
          "transformList": "",
          "hasIdFlag": true,
          "newgId": true,
          "c_spiceCmd": null
        },
        "canvas": "CA~1000~1000~#FFFFFF~yes~#CCCCCC~5~1000~1000~line~5~pixel~5~0~0",
        "shape": [
          "LIB~310~-455~package`FPC10P-0.5MM`~~0~gge34892bf4c29d473e~~~0~~yes~yes~~~#@$T~N~260~-384.6164~0~#000080~Times New Roman~6.5pt~5~~text-after-edge~comment~SPI114M1-240x135- FPC封装~1~start~rep2~0~#@$T~P~260~-515~0~#000080~Times New Roman~6.5pt~5~~text-after-edge~comment~LCD?~1~start~rep3~0~#@$R~260~-515~~~100~120~#4C5870~1~0~#EBEDEC~rep4~0~#@$P~show~~1~390~-485~0~rep5~0^^390~-485^^M 390 -485 h -30~#204969^^1~352~-480.5~0~3.3V~end~Times New Roman~6.5pt~#204969^^1~365~-487~0~1~start~Times New Roman~6.5pt~#204969^^0~363~-485^^0~M 360 -488 L 357 -485 L 360 -482#@$P~show~~2~390~-475~0~rep6~0^^390~-475^^M 390 -475 h -30~#000000^^1~352~-470.5~0~3.3V~end~Times New Roman~6.5pt~#000000^^1~365~-477~0~2~start~Times New Roman~6.5pt~#000000^^0~363~-475^^0~M 360 -478 L 357 -475 L 360 -472#@$P~show~~3~390~-450~0~rep7~0^^390~-450^^M 390 -450 h -30~#000000^^1~352~-445.5~0~GND~end~Times New Roman~6.5pt~#000000^^1~365~-452~0~3~start~Times New Roman~6.5pt~#000000^^0~363~-450^^0~M 360 -453 L 357 -450 L 360 -447#@$P~show~~9~230~-485~180~rep8~0^^230~-485^^M 230 -485 h 30~#000000^^1~268~-480.5~0~SPI_SCL~start~Times New Roman~6.5pt~#000000^^1~255~-487~0~9~end~Times New Roman~6.5pt~#000000^^0~257~-485^^0~M 260 -482 L 263 -485 L 260 -488#@$P~show~~8~390~-440~0~rep9~0^^390~-440^^M 390 -440 h -30~#000000^^1~352~-435.5~0~GND~end~Times New Roman~6.5pt~#000000^^1~365~-442~0~8~start~Times New Roman~6.5pt~#000000^^0~363~-440^^0~M 360 -443 L 357 -440 L 360 -437#@$P~show~~4~230~-475~180~rep10~0^^230~-475^^M 230 -475 h 30~#000000^^1~268~-470.5~0~SPI_SDA~start~Times New Roman~6.5pt~#000000^^1~255~-477~0~4~end~Times New Roman~6.5pt~#000000^^0~257~-475^^0~M 260 -472 L 263 -475 L 260 -478#@$P~show~~5~230~-465~180~rep11~0^^230~-465^^M 230 -465 h 30~#000000^^1~268~-460.5~0~SPI_CS~start~Times New Roman~6.5pt~#000000^^1~255~-467~0~5~end~Times New Roman~6.5pt~#000000^^0~257~-465^^0~M 260 -462 L 263 -465 L 260 -468#@$P~show~~6~230~-440~180~rep12~0^^230~-440^^M 230 -440 h 30~#000000^^1~268~-435.5~0~LCD_DC~start~Times New Roman~6.5pt~#000000^^1~255~-442~0~6~end~Times New Roman~6.5pt~#000000^^0~257~-440^^0~M 260 -437 L 263 -440 L 260 -443#@$P~show~~7~230~-430~180~rep13~0^^230~-430^^M 230 -430 h 30~#000000^^1~268~-425.5~0~LCD_BL~start~Times New Roman~6.5pt~#000000^^1~255~-432~0~7~end~Times New Roman~6.5pt~#000000^^0~257~-430^^0~M 260 -427 L 263 -430 L 260 -433#@$P~show~~10~390~-430~0~rep14~0^^390~-430^^M 390 -430 h -30~#000000^^1~352~-425.5~0~GND~end~Times New Roman~6.5pt~#000000^^1~365~-432~0~10~start~Times New Roman~6.5pt~#000000^^0~363~-430^^0~M 360 -433 L 357 -430 L 360 -427",
          "LIB~600~-450~package`0`~~0~gge0da360b586a210df~~~0~~yes~yes~~~#@$T~N~550~-389.6164~0~#000080~Times New Roman~6.5pt~5~~text-after-edge~comment~SPI114M1-240x135- 直插封装~1~start~rep16~0~#@$T~P~550~-510~0~#000080~Times New Roman~6.5pt~5~~text-after-edge~comment~LCD?~1~start~rep17~0~#@$R~550~-510~~~100~110~#4C5870~1~0~#FFF2CC~rep18~0~#@$P~show~~1~680~-460~0~rep19~0^^680~-460^^M 680 -460 h -30~#000000^^1~642~-455.5~0~3.3V~end~Times New Roman~6.5pt~#000000^^1~655~-462~0~1~start~Times New Roman~6.5pt~#000000^^0~653~-460^^0~M 650 -463 L 647 -460 L 650 -457#@$P~show~~2~680~-450~0~rep20~0^^680~-450^^M 680 -450 h -30~#000000^^1~642~-445.5~0~GND~end~Times New Roman~6.5pt~#000000^^1~655~-452~0~2~start~Times New Roman~6.5pt~#000000^^0~653~-450^^0~M 650 -453 L 647 -450 L 650 -447#@$P~show~~3~520~-480~180~rep21~0^^520~-480^^M 520 -480 h 30~#000000^^1~558~-475.5~0~SPI_SCL~start~Times New Roman~6.5pt~#000000^^1~545~-482~0~3~end~Times New Roman~6.5pt~#000000^^0~547~-480^^0~M 550 -477 L 553 -480 L 550 -483#@$P~show~~4~680~-440~0~rep22~0^^680~-440^^M 680 -440 h -30~#000000^^1~642~-435.5~0~GND~end~Times New Roman~6.5pt~#000000^^1~655~-442~0~4~start~Times New Roman~6.5pt~#000000^^0~653~-440^^0~M 650 -443 L 647 -440 L 650 -437#@$P~show~~5~520~-470~180~rep23~0^^520~-470^^M 520 -470 h 30~#000000^^1~558~-465.5~0~SPI_SDA~start~Times New Roman~6.5pt~#000000^^1~545~-472~0~5~end~Times New Roman~6.5pt~#000000^^0~547~-470^^0~M 550 -467 L 553 -470 L 550 -473#@$P~show~~6~520~-440~180~rep24~0^^520~-440^^M 520 -440 h 30~#000000^^1~558~-435.5~0~LCD_DC~start~Times New Roman~6.5pt~#000000^^1~545~-442~0~6~end~Times New Roman~6.5pt~#000000^^0~547~-440^^0~M 550 -437 L 553 -440 L 550 -443#@$P~show~~7~520~-460~180~rep25~0^^520~-460^^M 520 -460 h 30~#000000^^1~558~-455.5~0~SPI_CS~start~Times New Roman~6.5pt~#000000^^1~545~-462~0~7~end~Times New Roman~6.5pt~#000000^^0~547~-460^^0~M 550 -457 L 553 -460 L 550 -463#@$P~show~~8~520~-430~180~rep26~0^^520~-430^^M 520 -430 h 30~#000000^^1~558~-425.5~0~LCD_BL~start~Times New Roman~6.5pt~#000000^^1~545~-432~0~8~end~Times New Roman~6.5pt~#000000^^0~547~-430^^0~M 550 -427 L 553 -430 L 550 -433"
        ],
        "BBox": {
          "x": 228.5,
          "y": -524.8,
          "width": 453,
          "height": 140
        },
        "colors": {}
      }
    }
  ]
}