{
  "editorVersion": "6.4.25",
  "docType": "5",
  "title": "Sheet1.SchDoc",
  "description": "",
  "colors": {},
  "schematics": [
    {
      "docType": "1",
      "title": "Sheet1.SchDoc",
      "description": "",
      "dataStr": {
        "head": {
          "docType": "1",
          "editorVersion": "6.4.25",
          "importedFrom": "Altium",
          "uuid": "sheet_48740902890861615",
          "x": "45",
          "y": "visible",
          "portOfADImportHack": "",
          "importFlag": 0,
          "c_para": {},
          "transformList": "",
          "hasIdFlag": true,
          "newgId": true,
          "c_spiceCmd": null
        },
        "canvas": "CA~1000~1000~#FFFFFF~yes~#CCCCCC~5~1000~1000~line~5~pixel~5~0~0",
        "shape": [
          "LIB~420~-425~package`FPC10P-0.5MM`~~0~gge34892bf4c29d473e~~~0~~yes~yes~~~#@$T~N~370~-354.6164~0~#000080~Times New Roman~6.5pt~5~~text-after-edge~comment~SPI169M1-240x280- FPC封装~1~start~rep2~0~#@$T~P~370~-485~0~#000080~Times New Roman~6.5pt~5~~text-after-edge~comment~LCD?~1~start~rep3~0~#@$R~370~-485~~~100~120~#4C5870~1~0~#EBEDEC~rep4~0~#@$P~show~~1~500~-455~0~rep5~0^^500~-455^^M 500 -455 h -30~#204969^^1~462~-450.5~0~3.3V~end~Times New Roman~6.5pt~#204969^^1~475~-457~0~1~start~Times New Roman~6.5pt~#204969^^0~473~-455^^0~M 470 -458 L 467 -455 L 470 -452#@$P~show~~2~500~-445~0~rep6~0^^500~-445^^M 500 -445 h -30~#000000^^1~462~-440.5~0~3.3V~end~Times New Roman~6.5pt~#000000^^1~475~-447~0~2~start~Times New Roman~6.5pt~#000000^^0~473~-445^^0~M 470 -448 L 467 -445 L 470 -442#@$P~show~~3~500~-420~0~rep7~0^^500~-420^^M 500 -420 h -30~#000000^^1~462~-415.5~0~GND~end~Times New Roman~6.5pt~#000000^^1~475~-422~0~3~start~Times New Roman~6.5pt~#000000^^0~473~-420^^0~M 470 -423 L 467 -420 L 470 -417#@$P~show~~9~340~-455~180~rep8~0^^340~-455^^M 340 -455 h 30~#000000^^1~378~-450.5~0~SPI_SCL~start~Times New Roman~6.5pt~#000000^^1~365~-457~0~9~end~Times New Roman~6.5pt~#000000^^0~367~-455^^0~M 370 -452 L 373 -455 L 370 -458#@$P~show~~8~500~-410~0~rep9~0^^500~-410^^M 500 -410 h -30~#000000^^1~462~-405.5~0~GND~end~Times New Roman~6.5pt~#000000^^1~475~-412~0~8~start~Times New Roman~6.5pt~#000000^^0~473~-410^^0~M 470 -413 L 467 -410 L 470 -407#@$P~show~~4~340~-445~180~rep10~0^^340~-445^^M 340 -445 h 30~#000000^^1~378~-440.5~0~SPI_SDA~start~Times New Roman~6.5pt~#000000^^1~365~-447~0~4~end~Times New Roman~6.5pt~#000000^^0~367~-445^^0~M 370 -442 L 373 -445 L 370 -448#@$P~show~~5~340~-435~180~rep11~0^^340~-435^^M 340 -435 h 30~#000000^^1~378~-430.5~0~SPI_CS~start~Times New Roman~6.5pt~#000000^^1~365~-437~0~5~end~Times New Roman~6.5pt~#000000^^0~367~-435^^0~M 370 -432 L 373 -435 L 370 -438#@$P~show~~6~340~-410~180~rep12~0^^340~-410^^M 340 -410 h 30~#000000^^1~378~-405.5~0~LCD_DC~start~Times New Roman~6.5pt~#000000^^1~365~-412~0~6~end~Times New Roman~6.5pt~#000000^^0~367~-410^^0~M 370 -407 L 373 -410 L 370 -413#@$P~show~~7~340~-400~180~rep13~0^^340~-400^^M 340 -400 h 30~#000000^^1~378~-395.5~0~LCD_BL~start~Times New Roman~6.5pt~#000000^^1~365~-402~0~7~end~Times New Roman~6.5pt~#000000^^0~367~-400^^0~M 370 -397 L 373 -400 L 370 -403#@$P~show~~10~500~-400~0~rep14~0^^500~-400^^M 500 -400 h -30~#000000^^1~462~-395.5~0~GND~end~Times New Roman~6.5pt~#000000^^1~475~-402~0~10~start~Times New Roman~6.5pt~#000000^^0~473~-400^^0~M 470 -403 L 467 -400 L 470 -397",
          "LIB~680~-420~package`0`~~0~gge182d35d9ce9d0899~~~0~~yes~yes~~~#@$T~N~630~-359.6164~0~#000080~Times New Roman~6.5pt~5~~text-after-edge~comment~SPI169M1-240x280- 直插封装~1~start~rep16~0~#@$T~P~630~-480~0~#000080~Times New Roman~6.5pt~5~~text-after-edge~comment~LCD?~1~start~rep17~0~#@$R~630~-480~~~100~110~#4C5870~1~0~#FFF2CC~rep18~0~#@$P~show~~1~760~-430~0~rep19~0^^760~-430^^M 760 -430 h -30~#000000^^1~722~-425.5~0~3.3V~end~Times New Roman~6.5pt~#000000^^1~735~-432~0~1~start~Times New Roman~6.5pt~#000000^^0~733~-430^^0~M 730 -433 L 727 -430 L 730 -427#@$P~show~~2~760~-420~0~rep20~0^^760~-420^^M 760 -420 h -30~#000000^^1~722~-415.5~0~GND~end~Times New Roman~6.5pt~#000000^^1~735~-422~0~2~start~Times New Roman~6.5pt~#000000^^0~733~-420^^0~M 730 -423 L 727 -420 L 730 -417#@$P~show~~3~600~-450~180~rep21~0^^600~-450^^M 600 -450 h 30~#000000^^1~638~-445.5~0~SPI_SCL~start~Times New Roman~6.5pt~#000000^^1~625~-452~0~3~end~Times New Roman~6.5pt~#000000^^0~627~-450^^0~M 630 -447 L 633 -450 L 630 -453#@$P~show~~4~760~-410~0~rep22~0^^760~-410^^M 760 -410 h -30~#000000^^1~722~-405.5~0~GND~end~Times New Roman~6.5pt~#000000^^1~735~-412~0~4~start~Times New Roman~6.5pt~#000000^^0~733~-410^^0~M 730 -413 L 727 -410 L 730 -407#@$P~show~~5~600~-440~180~rep23~0^^600~-440^^M 600 -440 h 30~#000000^^1~638~-435.5~0~SPI_SDA~start~Times New Roman~6.5pt~#000000^^1~625~-442~0~5~end~Times New Roman~6.5pt~#000000^^0~627~-440^^0~M 630 -437 L 633 -440 L 630 -443#@$P~show~~6~600~-410~180~rep24~0^^600~-410^^M 600 -410 h 30~#000000^^1~638~-405.5~0~LCD_DC~start~Times New Roman~6.5pt~#000000^^1~625~-412~0~6~end~Times New Roman~6.5pt~#000000^^0~627~-410^^0~M 630 -407 L 633 -410 L 630 -413#@$P~show~~7~600~-430~180~rep25~0^^600~-430^^M 600 -430 h 30~#000000^^1~638~-425.5~0~SPI_CS~start~Times New Roman~6.5pt~#000000^^1~625~-432~0~7~end~Times New Roman~6.5pt~#000000^^0~627~-430^^0~M 630 -427 L 633 -430 L 630 -433#@$P~show~~8~600~-400~180~rep26~0^^600~-400^^M 600 -400 h 30~#000000^^1~638~-395.5~0~LCD_BL~start~Times New Roman~6.5pt~#000000^^1~625~-402~0~8~end~Times New Roman~6.5pt~#000000^^0~627~-400^^0~M 630 -397 L 633 -400 L 630 -403"
        ],
        "BBox": {
          "x": 338.9,
          "y": -494.6,
          "width": 422.1,
          "height": 139.9
        },
        "colors": {}
      }
    }
  ]
}